姓名,一卡通号
秦景行100,2099001100
陈念安101,2099001101
林念安102,2099001102
赵念安103,2099001103
沈念安104,2099001104
周念安105,2099001105
吴念安106,2099001106
何念安107,2099001107
许念安108,2099001108
郑念安109,2099001109
唐念安110,2099001110
梁念安111,2099001111
顾念安112,2099001112
陆念安113,2099001113
叶念安114,2099001114
宋念安115,2099001115
韩念安116,2099001116
冯念安117,2099001117
袁念安118,2099001118
邹念安119,2099001119
秦念安120,2099001120
陈清越121,2099001121
林清越122,2099001122
赵清越123,2099001123
沈清越124,2099001124
周清越125,2099001125
吴清越126,2099001126
何清越127,2099001127
